,sendentary,light,moderate,vigorous
001f3379,0.9424433171455968,0.04921278109437347,0.008011382968851495,0.00033251879117819914
00115b9f,0.8141472420955458,0.1401569351488576,0.0412647126702054,0.004431110085391184
